{
  "title": "right_command + i/j/k/l to arrow keys",
  "rules": [
    {
      "description": "Change right_command + i/j/k/l to Arrows",
      "manipulators": [
        {
          "type": "basic",
          "from": {
            "key_code": "j",
            "modifiers": {
              "mandatory": [
                "right_command"
              ],
              "optional": [
                "any"
              ]
            }
          },
          "to": [
            {
              "key_code": "left_arrow"
            }
          ]
        },
        {
          "type": "basic",
          "from": {
            "key_code": "k",
            "modifiers": {
              "mandatory": [
                "right_command"
              ],
              "optional": [
                "any"
              ]
            }
          },
          "to": [
            {
              "key_code": "down_arrow"
            }
          ]
        },
        {
          "type": "basic",
          "from": {
            "key_code": "i",
            "modifiers": {
              "mandatory": [
                "right_command"
              ],
              "optional": [
                "any"
              ]
            }
          },
          "to": [
            {
              "key_code": "up_arrow"
            }
          ]
        },
        {
          "type": "basic",
          "from": {
            "key_code": "l",
            "modifiers": {
              "mandatory": [
                "right_command"
              ],
              "optional": [
                "any"
              ]
            }
          },
          "to": [
            {
              "key_code": "right_arrow"
            }
          ]
        }
      ]
    }
  ]
}