<application>
  <component name="DaemonCodeAnalyzerSettings">
    <option name="SHOW_METHOD_SEPARATORS" value="true" />
  </component>
  <component name="EditorSettings">
    <option name="languageBreadcrumbsMap">
      <map>
        <entry key="TypeScript" value="true" />
      </map>
    </option>
    <option name="SHOW_BREADCRUMBS" value="false" />
    <option name="SHOW_INTENTION_PREVIEW" value="true" />
    <option name="IS_BLOCK_CURSOR" value="true" />
    <option name="IS_WHITESPACES_SHOWN" value="true" />
    <option name="IS_INDENT_GUIDES_SHOWN" value="false" />
  </component>
</application>