<application>
  <component name="FindSettings">
    <option name="customScope" value="All Places" />
    <option name="defaultScopeName" value="All Places" />
    <option name="SEARCH_SCOPE" value="All Places" />
    <option name="FILE_MASK" value="!*.map,!*.bundle,!*.jsbundle,!CHANGELOG.md,!.eslintcache" />
    <mask>*.css</mask>
    <mask>*.html</mask>
    <mask>*.xml</mask>
    <mask>*.jsp</mask>
    <mask>*.properties</mask>
    <mask>*.java</mask>
    <mask>!*.map</mask>
    <mask>!*.map, !*.bundle</mask>
    <mask>!*.map, !*.bundle,!CHANGELOG.md,!.eslintcache,!lib/*</mask>
    <mask>!*.map, !*.bundle,!CHANGELOG.md,!.eslintcache</mask>
    <mask>!*.map, !*.bundle,!*.jsbundle,!CHANGELOG.md,!.eslintcache</mask>
    <mask>!*.map,!*.bundle,!*.jsbundle,!CHANGELOG.md,!.eslintcache</mask>
  </component>
</application>